1,firestation01,firestation1-1,firestation1-2,firestation1-3,firestation1-4,firestation1-5,firestation1-6,firestation1-7,firestation1-8,firestation1-9,firestation1-10
2,firestation02,firestation2-1,firestation2-2,firestation2-3,firestation2-4,firestation2-5,firestation2-6,firestation2-7,firestation2-8,firestation2-9,firestation2-10
3,firestation03,firestation3-1,firestation3-2,firestation3-3,firestation3-4,firestation3-5,firestation3-6,firestation3-7,firestation3-8,firestation3-9,firestation3-10
4,firestation04,firestation4-1,firestation4-2,firestation4-3,firestation4-4,firestation4-5,firestation4-6,firestation4-7,firestation4-8,firestation4-9,firestation4-10
5,firestation05,firestation5-1,firestation5-2,firestation5-3,firestation5-4,firestation5-5,firestation5-6,firestation5-7,firestation5-8,firestation5-9,firestation5-10
6,firestation06,firestation6-1,firestation6-2,firestation6-3,firestation6-4,firestation6-5,firestation6-6,firestation6-7,firestation6-8,firestation6-9,firestation6-10
7,firestation07,firestation7-1,firestation7-2,firestation7-3,firestation7-4,firestation7-5,firestation7-6,firestation7-7,firestation7-8,firestation7-9,firestation7-10
8,firestation08,firestation8-1,firestation8-2,firestation8-3,firestation8-4,firestation8-5,firestation8-6,firestation8-7,firestation8-8,firestation8-9,firestation8-10
9,firestation09,firestation9-1,firestation9-2,firestation9-3,firestation9-4,firestation9-5,firestation9-6,firestation9-7,firestation9-8,firestation9-9,firestation9-10
10,firestation10,firestation10-1,firestation10-2,firestation10-3,firestation10-4,firestation10-5,firestation10-6,firestation10-7,firestation10-8,firestation10-9,firestation10-10
11,firestation11,firestation11-1,firestation11-2,firestation11-3,firestation11-4,firestation11-5,firestation11-6,firestation11-7,firestation11-8,firestation11-9,firestation11-10
12,firestation12,firestation12-1,firestation12-2,firestation12-3,firestation12-4,firestation12-5,firestation12-6,firestation12-7,firestation12-8,firestation12-9,firestation12-10
13,firestation13,firestation13-1,firestation13-2,firestation13-3,firestation13-4,firestation13-5,firestation13-6,firestation13-7,firestation13-8,firestation13-9,firestation13-10
14,firestation14,firestation14-1,firestation14-2,firestation14-3,firestation14-4,firestation14-5,firestation14-6,firestation14-7,firestation14-8,firestation14-9,firestation14-10
15,firestation15,firestation15-1,firestation15-2,firestation15-3,firestation15-4,firestation15-5,firestation15-6,firestation15-7,firestation15-8,firestation15-9,firestation15-10
16,firestation16,firestation16-1,firestation16-2,firestation16-3,firestation16-4,firestation16-5,firestation16-6,firestation16-7,firestation16-8,firestation16-9,firestation16-10
17,firestation17,firestation17-1,firestation17-2,firestation17-3,firestation17-4,firestation17-5,firestation17-6,firestation17-7,firestation17-8,firestation17-9,firestation17-10
18,firestation18,firestation18-1,firestation18-2,firestation18-3,firestation18-4,firestation18-5,firestation18-6,firestation18-7,firestation18-8,firestation18-9,firestation18-10
19,firestation19,firestation19-1,firestation19-2,firestation19-3,firestation19-4,firestation19-5,firestation19-6,firestation19-7,firestation19-8,firestation19-9,firestation19-10
20,firestation20,firestation20-1,firestation20-2,firestation20-3,firestation20-4,firestation20-5,firestation20-6,firestation20-7,firestation20-8,firestation20-9,firestation20-10
21,firestation21,firestation21-1,firestation21-2,firestation21-3,firestation21-4,firestation21-5,firestation21-6,firestation21-7,firestation21-8,firestation21-9,firestation21-10
22,firestation22,firestation22-1,firestation22-2,firestation22-3,firestation22-4,firestation22-5,firestation22-6,firestation22-7,firestation22-8,firestation22-9,firestation22-10
23,firestation23,firestation23-1,firestation23-2,firestation23-3,firestation23-4,firestation23-5,firestation23-6,firestation23-7,firestation23-8,firestation23-9,firestation23-10
24,firestation24,firestation24-1,firestation24-2,firestation24-3,firestation24-4,firestation24-5,firestation24-6,firestation24-7,firestation24-8,firestation24-9,firestation24-10
25,firestation25,firestation25-1,firestation25-2,firestation25-3,firestation25-4,firestation25-5,firestation25-6,firestation25-7,firestation25-8,firestation25-9,firestation25-10
26,firestation26,firestation26-1,firestation26-2,firestation26-3,firestation26-4,firestation26-5,firestation26-6,firestation26-7,firestation26-8,firestation26-9,firestation26-10
27,firestation27,firestation27-1,firestation27-2,firestation27-3,firestation27-4,firestation27-5,firestation27-6,firestation27-7,firestation27-8,firestation27-9,firestation27-10
28,firestation28,firestation28-1,firestation28-2,firestation28-3,firestation28-4,firestation28-5,firestation28-6,firestation28-7,firestation28-8,firestation28-9,firestation28-10
29,firestation29,firestation29-1,firestation29-2,firestation29-3,firestation29-4,firestation29-5,firestation29-6,firestation29-7,firestation29-8,firestation29-9,firestation29-10
30,firestation30,firestation30-1,firestation30-2,firestation30-3,firestation30-4,firestation30-5,firestation30-6,firestation30-7,firestation30-8,firestation30-9,firestation30-10
31,firestation31,firestation31-1,firestation31-2,firestation31-3,firestation31-4,firestation31-5,firestation31-6,firestation31-7,firestation31-8,firestation31-9,firestation31-10
32,firestation32,firestation32-1,firestation32-2,firestation32-3,firestation32-4,firestation32-5,firestation32-6,firestation32-7,firestation32-8,firestation32-9,firestation32-10
33,firestation33,firestation33-1,firestation33-2,firestation33-3,firestation33-4,firestation33-5,firestation33-6,firestation33-7,firestation33-8,firestation33-9,firestation33-10
34,firestation34,firestation34-1,firestation34-2,firestation34-3,firestation34-4,firestation34-5,firestation34-6,firestation34-7,firestation34-8,firestation34-9,firestation34-10
35,firestation35,firestation35-1,firestation35-2,firestation35-3,firestation35-4,firestation35-5,firestation35-6,firestation35-7,firestation35-8,firestation35-9,firestation35-10
36,firestation36,firestation36-1,firestation36-2,firestation36-3,firestation36-4,firestation36-5,firestation36-6,firestation36-7,firestation36-8,firestation36-9,firestation36-10
37,firestation37,firestation37-1,firestation37-2,firestation37-3,firestation37-4,firestation37-5,firestation37-6,firestation37-7,firestation37-8,firestation37-9,firestation37-10
38,firestation38,firestation38-1,firestation38-2,firestation38-3,firestation38-4,firestation38-5,firestation38-6,firestation38-7,firestation38-8,firestation38-9,firestation38-10
39,firestation39,firestation39-1,firestation39-2,firestation39-3,firestation39-4,firestation39-5,firestation39-6,firestation39-7,firestation39-8,firestation39-9,firestation39-10
40,firestation40,firestation40-1,firestation40-2,firestation40-3,firestation40-4,firestation40-5,firestation40-6,firestation40-7,firestation40-8,firestation40-9,firestation40-10
41,firestation41,firestation41-1,firestation41-2,firestation41-3,firestation41-4,firestation41-5,firestation41-6,firestation41-7,firestation41-8,firestation41-9,firestation41-10
42,firestation42,firestation42-1,firestation42-2,firestation42-3,firestation42-4,firestation42-5,firestation42-6,firestation42-7,firestation42-8,firestation42-9,firestation42-10
43,firestation43,firestation43-1,firestation43-2,firestation43-3,firestation43-4,firestation43-5,firestation43-6,firestation43-7,firestation43-8,firestation43-9,firestation43-10
44,firestation44,firestation44-1,firestation44-2,firestation44-3,firestation44-4,firestation44-5,firestation44-6,firestation44-7,firestation44-8,firestation44-9,firestation44-10
45,firestation45,firestation45-1,firestation45-2,firestation45-3,firestation45-4,firestation45-5,firestation45-6,firestation45-7,firestation45-8,firestation45-9,firestation45-10
46,firestation46,firestation46-1,firestation46-2,firestation46-3,firestation46-4,firestation46-5,firestation46-6,firestation46-7,firestation46-8,firestation46-9,firestation46-10
47,firestation47,firestation47-1,firestation47-2,firestation47-3,firestation47-4,firestation47-5,firestation47-6,firestation47-7,firestation47-8,firestation47-9,firestation47-10
48,firestation48,firestation48-1,firestation48-2,firestation48-3,firestation48-4,firestation48-5,firestation48-6,firestation48-7,firestation48-8,firestation48-9,firestation48-10
49,firestation49,firestation49-1,firestation49-2,firestation49-3,firestation49-4,firestation49-5,firestation49-6,firestation49-7,firestation49-8,firestation49-9,firestation49-10
50,firestation50,firestation50-1,firestation50-2,firestation50-3,firestation50-4,firestation50-5,firestation50-6,firestation50-7,firestation50-8,firestation50-9,firestation50-10
51,firestation51,firestation51-1,firestation51-2,firestation51-3,firestation51-4,firestation51-5,firestation51-6,firestation51-7,firestation51-8,firestation51-9,firestation51-10
