1,police01,police1-1,police1-2,police1-3,police1-4,police1-5,police1-6,police1-7,police1-8,police1-9,police1-10
2,police02,police2-1,police2-2,police2-3,police2-4,police2-5,police2-6,police2-7,police2-8,police2-9,police2-10
3,police03,police3-1,police3-2,police3-3,police3-4,police3-5,police3-6,police3-7,police3-8,police3-9,police3-10
4,police04,police4-1,police4-2,police4-3,police4-4,police4-5,police4-6,police4-7,police4-8,police4-9,police4-10
5,police05,police5-1,police5-2,police5-3,police5-4,police5-5,police5-6,police5-7,police5-8,police5-9,police5-10
6,police06,police6-1,police6-2,police6-3,police6-4,police6-5,police6-6,police6-7,police6-8,police6-9,police6-10
7,police07,police7-1,police7-2,police7-3,police7-4,police7-5,police7-6,police7-7,police7-8,police7-9,police7-10
8,police08,police8-1,police8-2,police8-3,police8-4,police8-5,police8-6,police8-7,police8-8,police8-9,police8-10
9,police09,police9-1,police9-2,police9-3,police9-4,police9-5,police9-6,police9-7,police9-8,police9-9,police9-10
10,police10,police10-1,police10-2,police10-3,police10-4,police10-5,police10-6,police10-7,police10-8,police10-9,police10-10
11,police11,police11-1,police11-2,police11-3,police11-4,police11-5,police11-6,police11-7,police11-8,police11-9,police11-10
12,police12,police12-1,police12-2,police12-3,police12-4,police12-5,police12-6,police12-7,police12-8,police12-9,police12-10
13,police13,police13-1,police13-2,police13-3,police13-4,police13-5,police13-6,police13-7,police13-8,police13-9,police13-10
14,police14,police14-1,police14-2,police14-3,police14-4,police14-5,police14-6,police14-7,police14-8,police14-9,police14-10
15,police15,police15-1,police15-2,police15-3,police15-4,police15-5,police15-6,police15-7,police15-8,police15-9,police15-10
16,police16,police16-1,police16-2,police16-3,police16-4,police16-5,police16-6,police16-7,police16-8,police16-9,police16-10
17,police17,police17-1,police17-2,police17-3,police17-4,police17-5,police17-6,police17-7,police17-8,police17-9,police17-10
18,police18,police18-1,police18-2,police18-3,police18-4,police18-5,police18-6,police18-7,police18-8,police18-9,police18-10
19,police19,police19-1,police19-2,police19-3,police19-4,police19-5,police19-6,police19-7,police19-8,police19-9,police19-10
20,police20,police20-1,police20-2,police20-3,police20-4,police20-5,police20-6,police20-7,police20-8,police20-9,police20-10
21,police21,police21-1,police21-2,police21-3,police21-4,police21-5,police21-6,police21-7,police21-8,police21-9,police21-10
22,police22,police22-1,police22-2,police22-3,police22-4,police22-5,police22-6,police22-7,police22-8,police22-9,police22-10
23,police23,police23-1,police23-2,police23-3,police23-4,police23-5,police23-6,police23-7,police23-8,police23-9,police23-10
24,police24,police24-1,police24-2,police24-3,police24-4,police24-5,police24-6,police24-7,police24-8,police24-9,police24-10
25,police25,police25-1,police25-2,police25-3,police25-4,police25-5,police25-6,police25-7,police25-8,police25-9,police25-10
26,police26,police26-1,police26-2,police26-3,police26-4,police26-5,police26-6,police26-7,police26-8,police26-9,police26-10
27,police27,police27-1,police27-2,police27-3,police27-4,police27-5,police27-6,police27-7,police27-8,police27-9,police27-10
28,police28,police28-1,police28-2,police28-3,police28-4,police28-5,police28-6,police28-7,police28-8,police28-9,police28-10
29,police29,police29-1,police29-2,police29-3,police29-4,police29-5,police29-6,police29-7,police29-8,police29-9,police29-10
30,police30,police30-1,police30-2,police30-3,police30-4,police30-5,police30-6,police30-7,police30-8,police30-9,police30-10
31,police31,police31-1,police31-2,police31-3,police31-4,police31-5,police31-6,police31-7,police31-8,police31-9,police31-10
32,police32,police32-1,police32-2,police32-3,police32-4,police32-5,police32-6,police32-7,police32-8,police32-9,police32-10
33,police33,police33-1,police33-2,police33-3,police33-4,police33-5,police33-6,police33-7,police33-8,police33-9,police33-10
34,police34,police34-1,police34-2,police34-3,police34-4,police34-5,police34-6,police34-7,police34-8,police34-9,police34-10
35,police35,police35-1,police35-2,police35-3,police35-4,police35-5,police35-6,police35-7,police35-8,police35-9,police35-10
36,police36,police36-1,police36-2,police36-3,police36-4,police36-5,police36-6,police36-7,police36-8,police36-9,police36-10
37,police37,police37-1,police37-2,police37-3,police37-4,police37-5,police37-6,police37-7,police37-8,police37-9,police37-10
38,police38,police38-1,police38-2,police38-3,police38-4,police38-5,police38-6,police38-7,police38-8,police38-9,police38-10
39,police39,police39-1,police39-2,police39-3,police39-4,police39-5,police39-6,police39-7,police39-8,police39-9,police39-10
40,police40,police40-1,police40-2,police40-3,police40-4,police40-5,police40-6,police40-7,police40-8,police40-9,police40-10
41,police41,police41-1,police41-2,police41-3,police41-4,police41-5,police41-6,police41-7,police41-8,police41-9,police41-10
42,police42,police42-1,police42-2,police42-3,police42-4,police42-5,police42-6,police42-7,police42-8,police42-9,police42-10
43,police43,police43-1,police43-2,police43-3,police43-4,police43-5,police43-6,police43-7,police43-8,police43-9,police43-10
44,police44,police44-1,police44-2,police44-3,police44-4,police44-5,police44-6,police44-7,police44-8,police44-9,police44-10
45,police45,police45-1,police45-2,police45-3,police45-4,police45-5,police45-6,police45-7,police45-8,police45-9,police45-10
46,police46,police46-1,police46-2,police46-3,police46-4,police46-5,police46-6,police46-7,police46-8,police46-9,police46-10
47,police47,police47-1,police47-2,police47-3,police47-4,police47-5,police47-6,police47-7,police47-8,police47-9,police47-10
48,police48,police48-1,police48-2,police48-3,police48-4,police48-5,police48-6,police48-7,police48-8,police48-9,police48-10
49,police49,police49-1,police49-2,police49-3,police49-4,police49-5,police49-6,police49-7,police49-8,police49-9,police49-10
50,police50,police50-1,police50-2,police50-3,police50-4,police50-5,police50-6,police50-7,police50-8,police50-9,police50-10
51,police51,police51-1,police51-2,police51-3,police51-4,police51-5,police51-6,police51-7,police51-8,police51-9,police51-10
52,police52,police52-1,police52-2,police52-3,police52-4,police52-5,police52-6,police52-7,police52-8,police52-9,police52-10
53,police53,police53-1,police53-2,police53-3,police53-4,police53-5,police53-6,police53-7,police53-8,police53-9,police53-10
54,police54,police54-1,police54-2,police54-3,police54-4,police54-5,police54-6,police54-7,police54-8,police54-9,police54-10
55,police55,police55-1,police55-2,police55-3,police55-4,police55-5,police55-6,police55-7,police55-8,police55-9,police55-10
56,police56,police56-1,police56-2,police56-3,police56-4,police56-5,police56-6,police56-7,police56-8,police56-9,police56-10
57,police57,police57-1,police57-2,police57-3,police57-4,police57-5,police57-6,police57-7,police57-8,police57-9,police57-10
58,police58,police58-1,police58-2,police58-3,police58-4,police58-5,police58-6,police58-7,police58-8,police58-9,police58-10
59,police59,police59-1,police59-2,police59-3,police59-4,police59-5,police59-6,police59-7,police59-8,police59-9,police59-10
60,police60,police60-1,police60-2,police60-3,police60-4,police60-5,police60-6,police60-7,police60-8,police60-9,police60-10
61,police61,police61-1,police61-2,police61-3,police61-4,police61-5,police61-6,police61-7,police61-8,police61-9,police61-10
62,police62,police62-1,police62-2,police62-3,police62-4,police62-5,police62-6,police62-7,police62-8,police62-9,police62-10
63,police63,police63-1,police63-2,police63-3,police63-4,police63-5,police63-6,police63-7,police63-8,police63-9,police63-10
64,police64,police64-1,police64-2,police64-3,police64-4,police64-5,police64-6,police64-7,police64-8,police64-9,police64-10
65,police65,police65-1,police65-2,police65-3,police65-4,police65-5,police65-6,police65-7,police65-8,police65-9,police65-10
66,police66,police66-1,police66-2,police66-3,police66-4,police66-5,police66-6,police66-7,police66-8,police66-9,police66-10
67,police67,police67-1,police67-2,police67-3,police67-4,police67-5,police67-6,police67-7,police67-8,police67-9,police67-10
68,police68,police68-1,police68-2,police68-3,police68-4,police68-5,police68-6,police68-7,police68-8,police68-9,police68-10
69,police69,police69-1,police69-2,police69-3,police69-4,police69-5,police69-6,police69-7,police69-8,police69-9,police69-10
70,police70,police70-1,police70-2,police70-3,police70-4,police70-5,police70-6,police70-7,police70-8,police70-9,police70-10
71,police71,police71-1,police71-2,police71-3,police71-4,police71-5,police71-6,police71-7,police71-8,police71-9,police71-10
72,police72,police72-1,police72-2,police72-3,police72-4,police72-5,police72-6,police72-7,police72-8,police72-9,police72-10
73,police73,police73-1,police73-2,police73-3,police73-4,police73-5,police73-6,police73-7,police73-8,police73-9,police73-10
74,police74,police74-1,police74-2,police74-3,police74-4,police74-5,police74-6,police74-7,police74-8,police74-9,police74-10
75,police75,police75-1,police75-2,police75-3,police75-4,police75-5,police75-6,police75-7,police75-8,police75-9,police75-10
76,police76,police76-1,police76-2,police76-3,police76-4,police76-5,police76-6,police76-7,police76-8,police76-9,police76-10
77,police77,police77-1,police77-2,police77-3,police77-4,police77-5,police77-6,police77-7,police77-8,police77-9,police77-10
78,police78,police78-1,police78-2,police78-3,police78-4,police78-5,police78-6,police78-7,police78-8,police78-9,police78-10
79,police79,police79-1,police79-2,police79-3,police79-4,police79-5,police79-6,police79-7,police79-8,police79-9,police79-10
80,police80,police80-1,police80-2,police80-3,police80-4,police80-5,police80-6,police80-7,police80-8,police80-9,police80-10
81,police81,police81-1,police81-2,police81-3,police81-4,police81-5,police81-6,police81-7,police81-8,police81-9,police81-10
82,police82,police82-1,police82-2,police82-3,police82-4,police82-5,police82-6,police82-7,police82-8,police82-9,police82-10
83,police83,police83-1,police83-2,police83-3,police83-4,police83-5,police83-6,police83-7,police83-8,police83-9,police83-10
84,police84,police84-1,police84-2,police84-3,police84-4,police84-5,police84-6,police84-7,police84-8,police84-9,police84-10
85,police85,police85-1,police85-2,police85-3,police85-4,police85-5,police85-6,police85-7,police85-8,police85-9,police85-10
86,police86,police86-1,police86-2,police86-3,police86-4,police86-5,police86-6,police86-7,police86-8,police86-9,police86-10
87,police87,police87-1,police87-2,police87-3,police87-4,police87-5,police87-6,police87-7,police87-8,police87-9,police87-10
88,police88,police88-1,police88-2,police88-3,police88-4,police88-5,police88-6,police88-7,police88-8,police88-9,police88-10
89,police89,police89-1,police89-2,police89-3,police89-4,police89-5,police89-6,police89-7,police89-8,police89-9,police89-10
90,police90,police90-1,police90-2,police90-3,police90-4,police90-5,police90-6,police90-7,police90-8,police90-9,police90-10
91,police91,police91-1,police91-2,police91-3,police91-4,police91-5,police91-6,police91-7,police91-8,police91-9,police91-10
92,police92,police92-1,police92-2,police92-3,police92-4,police92-5,police92-6,police92-7,police92-8,police92-9,police92-10
93,police93,police93-1,police93-2,police93-3,police93-4,police93-5,police93-6,police93-7,police93-8,police93-9,police93-10
94,police94,police94-1,police94-2,police94-3,police94-4,police94-5,police94-6,police94-7,police94-8,police94-9,police94-10
95,police95,police95-1,police95-2,police95-3,police95-4,police95-5,police95-6,police95-7,police95-8,police95-9,police95-10
96,police96,police96-1,police96-2,police96-3,police96-4,police96-5,police96-6,police96-7,police96-8,police96-9,police96-10
97,police97,police97-1,police97-2,police97-3,police97-4,police97-5,police97-6,police97-7,police97-8,police97-9,police97-10
98,police98,police98-1,police98-2,police98-3,police98-4,police98-5,police98-6,police98-7,police98-8,police98-9,police98-10
99,police99,police99-1,police99-2,police99-3,police99-4,police99-5,police99-6,police99-7,police99-8,police99-9,police99-10
100,police100,police100-1,police100-2,police100-3,police100-4,police100-5,police100-6,police100-7,police100-8,police100-9,police100-10
101,police101,police101-1,police101-2,police101-3,police101-4,police101-5,police101-6,police101-7,police101-8,police101-9,police101-10
102,police102,police102-1,police102-2,police102-3,police102-4,police102-5,police102-6,police102-7,police102-8,police102-9,police102-10
103,police103,police103-1,police103-2,police103-3,police103-4,police103-5,police103-6,police103-7,police103-8,police103-9,police103-10
104,police104,police104-1,police104-2,police104-3,police104-4,police104-5,police104-6,police104-7,police104-8,police104-9,police104-10
105,police105,police105-1,police105-2,police105-3,police105-4,police105-5,police105-6,police105-7,police105-8,police105-9,police105-10
106,police106,police106-1,police106-2,police106-3,police106-4,police106-5,police106-6,police106-7,police106-8,police106-9,police106-10
107,police107,police107-1,police107-2,police107-3,police107-4,police107-5,police107-6,police107-7,police107-8,police107-9,police107-10
108,police108,police108-1,police108-2,police108-3,police108-4,police108-5,police108-6,police108-7,police108-8,police108-9,police108-10
109,police109,police109-1,police109-2,police109-3,police109-4,police109-5,police109-6,police109-7,police109-8,police109-9,police109-10
110,police110,police110-1,police110-2,police110-3,police110-4,police110-5,police110-6,police110-7,police110-8,police110-9,police110-10
111,police111,police111-1,police111-2,police111-3,police111-4,police111-5,police111-6,police111-7,police111-8,police111-9,police111-10
112,police112,police112-1,police112-2,police112-3,police112-4,police112-5,police112-6,police112-7,police112-8,police112-9,police112-10
113,police113,police113-1,police113-2,police113-3,police113-4,police113-5,police113-6,police113-7,police113-8,police113-9,police113-10
114,police114,police114-1,police114-2,police114-3,police114-4,police114-5,police114-6,police114-7,police114-8,police114-9,police114-10
115,police115,police115-1,police115-2,police115-3,police115-4,police115-5,police115-6,police115-7,police115-8,police115-9,police115-10
116,police116,police116-1,police116-2,police116-3,police116-4,police116-5,police116-6,police116-7,police116-8,police116-9,police116-10
